<?xml version="1.0" encoding="UTF-8"?>
<!DOCTYPE suite SYSTEM "https://testng.org/testng-1.0.dtd">
<suite name="Login Suite">
 <listeners>
         <listener class-name="resources.listeners"/>
         <listener class-name="resources.ExtentReporterNG"/>
	   <listener class-name="resources.annotationTransformer"/>
         
 </listeners>
 
  <test name="validating user Login Test">
    <classes>
        <class name="org.qaclickAcadmy.testCases.HomePage"/>
    </classes>
  </test>
        
<test name="validating title">
<classes>  
<class name="org.qaclickAcadmy.testCases.validateTitle"/>
</classes>
</test>

<test name="validating NavigationBar">
 <classes>
  <class name="org.qaclickAcadmy.testCases.validateNavigationBar"/>
    </classes>
  </test> <!-- Test -->
</suite> <!-- Suite -->
